{
    "train_metrics": {
        "R2": 0.8487215580723761,
        "RMSE": 249.86408974931658,
        "MAE": 162.4847286776636,
        "CV": 39.780507932342076,
        "MAPE": Infinity
    },
    "test_metrics": {
        "R2": 0.6537050888936702,
        "RMSE": 359.5592868063719,
        "MAE": 250.11525505284467,
        "CV": 46.84744439822167,
        "MAPE": Infinity
    },
    "feature_count": 14,
    "features": [
        "Hour",
        "Temperature(\u00b0C)",
        "Humidity(%)",
        "Wind speed (m/s)",
        "Visibility (10m)",
        "Dew point temperature(\u00b0C)",
        "Solar Radiation (MJ/m2)",
        "Rainfall(mm)",
        "Snowfall (cm)",
        "Seasons_Spring",
        "Seasons_Summer",
        "Seasons_Winter",
        "Holiday_No Holiday",
        "Functioning Day_Yes"
    ],
    "timestamp": "2025-11-15 18:49:51"
}